id,first_name,last_name,username,password,role_ID1,BARBARA,YOUNG,BYOUNG1,BYOUNG1,52,EDWIN,RAYMOND,ERAYMO1,ERAYMO1,53,DARRELL,MARTIN,DMARTI1,DMARTI1,54,VIVIAN,BROWN,VBROWN1,VBROWN1,55,JAMES,ROBERTS,JROBER1,JROBER1,56,ALLEN,BARNES,ABARNE1,ABARNE1,57,DEAN,FLOYD,DFLOYD1,DFLOYD1,58,CHARLES,FOSTER,CFOSTE1,CFOSTE1,59,AMY,VASQUEZ,AVASQU1,AVASQU1,510,DONALD,TAYLOR,DTAYLO1,DTAYLO1,511,YVONNE,TAYLOR,YTAYLO1,YTAYLO1,512,RAYMOND,KIRKLAND,RKIRKL1,RKIRKL1,513,WILLIAM,GLASS,WGLASS1,WGLASS1,514,DEANNA,BRYANT,DBRYAN1,DBRYAN1,515,GERTRUDE,BROWNING,GBROWN1,GBROWN1,516,JANICE,WILLIAMS,JWILLI1,JWILLI1,517,RICK,JUAREZ,RJUARE1,RJUARE1,518,MARY,JAMES,MJAMES1,MJAMES1,519,KENNETH,DAVIS,KDAVIS1,KDAVIS1,520,APRIL,EVANS,AEVANS1,AEVANS1,521,JAMES,GORDON,JGORDO1,JGORDO1,522,ELIZABETH,ELLIS,EELLIS1,EELLIS1,523,RONALD,WILLIAMSON,RWILLI1,RWILLI1,524,NORMA,BLANKENSHIP,NBLANK1,NBLANK1,525,DAVID,BURKS,DBURKS1,DBURKS1,526,HARRY,JONES,HJONES1,HJONES1,527,ELIZABETH,WHITE,EWHITE1,EWHITE1,528,ANNA,COX,ACOX1,ACOX1,529,FELICIA,JONES,FJONES1,FJONES1,530,JASON,CARPENTER,JCARPE1,JCARPE1,531,RAY,ZIMMERMAN,RZIMME1,RZIMME1,532,ANTHONY,TAYLOR,ATAYLO1,ATAYLO1,533,CASEY,CLARK,CCLARK1,CCLARK1,534,CLARA,BRADSHAW,CBRADS1,CBRADS1,535,ROBERTO,KEMP,RKEMP1,RKEMP1,536,FRED,ROBERSON,FROBER1,FROBER1,537,JEFFREY,CLARK,JCLARK1,JCLARK1,538,IRENE,WALKER,IWALKE1,IWALKE1,539,NINA,ANDERSON,NANDER1,NANDER1,540,TONY,WALKER,TWALKE1,TWALKE1,541,JOAN,OWENS,JOWENS1,JOWENS1,542,WILMA,ROBERTSON,WROBER1,WROBER1,543,CHARLES,BROOKS,CBROOK1,CBROOK1,544,BILLY,MCKINNEY,BMCKIN1,BMCKIN1,545,RALPH,TURNER,RTURNE1,RTURNE1,546,BESSIE,HERRERA,BHERRE1,BHERRE1,547,MARY,HAMILTON,MHAMIL1,MHAMIL1,548,ANNA,CLARK,ACLARK1,ACLARK1,549,JIM,GOMEZ,JGOMEZ1,JGOMEZ1,550,TIM,GONZALEZ,TGONZA1,TGONZA1,551,MARIA,TAYLOR,MTAYLO1,MTAYLO1,552,RALPH,DAVIS,RDAVIS1,RDAVIS1,553,STEVEN,GARDNER,SGARDN1,SGARDN1,554,TRAVIS,TORRES,TTORRE1,TTORRE1,555,SHEILA,TAYLOR,STAYLO1,STAYLO1,556,JEFFREY,HALEY,JHALEY1,JHALEY1,557,FLORENCE,PATTERSON,FPATTE1,FPATTE1,558,RICHARD,REEVES,RREEVE1,RREEVE1,559,ASHLEY,LE,ALE1,ALE1,560,JASON,HAMPTON,JHAMPT1,JHAMPT1,561,AMY,SCOTT,ASCOTT1,ASCOTT1,562,EDGAR,STUART,ESTUAR1,ESTUAR1,563,LILLIAN,HENSLEY,LHENSL1,LHENSL1,564,RICKY,GARDNER,RGARDN1,RGARDN1,565,JOHN,SMITH,JSMITH1,JSMITH1,566,MARY,ALEXANDER,MALEXA1,MALEXA1,567,JOE,RODRIGUEZ,JRODRI1,JRODRI1,568,JENNIFER,FREEMAN,JFREEM1,JFREEM1,569,ANNA,MENDEZ,AMENDE1,AMENDE1,570,MARY,GRAVES,MGRAVE1,MGRAVE1,571,TERRY,JIMENEZ,TJIMEN1,TJIMEN1,572,FREDERICK,WONG,FWONG1,FWONG1,573,MELISSA,ROBINSON,MROBIN1,MROBIN1,574,MARY,WILSON,MWILSO1,MWILSO1,575,WILLIAM,SWEET,WSWEET1,WSWEET1,576,JOHN,LAWRENCE,JLAWRE1,JLAWRE1,577,DOROTHY,VELAZQUEZ,DVELAZ1,DVELAZ1,578,JOSEPH,SMITH,JSMITH2,JSMITH2,579,EILEEN,MCMAHON,EMCMAH1,EMCMAH1,580,WANDA,WEEKS,WWEEKS1,WWEEKS1,581,KATIE,BERGER,KBERGE1,KBERGE1,582,WALLACE,REID,WREID1,WREID1,583,CATHERINE,FLEMING,CFLEMI1,CFLEMI1,584,IAN,WILCOX,IWILCO1,IWILCO1,585,CHRIS,ROGERS,CROGER1,CROGER1,586,JESUS,HUDSON,JHUDSO1,JHUDSO1,587,HARVEY,MILLER,HMILLE1,HMILLE1,588,MICHAEL,TYSON,MTYSON1,MTYSON1,589,LAURA,HUNT,LHUNT1,LHUNT1,590,GERALD,ANDERSON,GANDER1,GANDER1,591,ROBERT,RUSH,RRUSH1,RRUSH1,592,EDNA,SMITH,ESMITH1,ESMITH1,593,BENJAMIN,SCOTT,BSCOTT1,BSCOTT1,594,CONSTANCE,HICKS,CHICKS1,CHICKS1,595,REBECCA,DAVIS,RDAVIS2,RDAVIS2,596,TODD,CHAPMAN,TCHAPM1,TCHAPM1,597,BRETT,MORAN,BMORAN1,BMORAN1,598,GAIL,CAMPBELL,GCAMPB1,GCAMPB1,599,JENNIFER,SIMMONS,JSIMMO1,JSIMMO1,5100,RALPH,HARMON,RHARMO1,RHARMO1,5101,PATRICK,WASHINGTON,PWASHI1,PWASHI1,5102,JEFF,CUMMINGS,JCUMMI1,JCUMMI1,5103,KELLY,ANDERSON,KANDER1,KANDER1,5104,ARTHUR,MORSE,AMORSE1,AMORSE1,5105,RAUL,PEARSON,RPEARS1,RPEARS1,5106,HEATHER,JONES,HJONES2,HJONES2,5107,MARGARET,JONES,MJONES1,MJONES1,5108,KEVIN,BOYD,KBOYD1,KBOYD1,5109,ANNE,SMITH,ASMITH1,ASMITH1,5110,FERNANDO,GARDNER,FGARDN1,FGARDN1,5111,DOROTHY,PEREZ,DPEREZ1,DPEREZ1,5112,RUTH,GILBERT,RGILBE1,RGILBE1,5113,MARY,KNIGHT,MKNIGH1,MKNIGH1,5114,BRANDON,ROSS,BROSS1,BROSS1,5115,PEGGY,WARD,PWARD1,PWARD1,5116,JONATHAN,VASQUEZ,JVASQU1,JVASQU1,5117,ROBERT,WILSON,RWILSO1,RWILSO1,5118,DIANA,GOMEZ,DGOMEZ1,DGOMEZ1,5119,MAURICE,JIMENEZ,MJIMEN1,MJIMEN1,5120,KEVIN,SHERMAN,KSHERM1,KSHERM1,5121,EDWARD,JAMES,EJAMES1,EJAMES1,5122,RANDY,ODOM,RODOM1,RODOM1,5123,JUAN,BROWN,JBROWN1,JBROWN1,5124,WILLIAM,MAYS,WMAYS1,WMAYS1,5125,DIANA,BROWN,DBROWN1,DBROWN1,5126,HEATHER,HUGHES,HHUGHE1,HHUGHE1,5127,AMANDA,WILLIAMS,AWILLI1,AWILLI1,5128,LISA,DALE,LDALE1,LDALE1,5129,JENNIFER,GRAVES,JGRAVE1,JGRAVE1,5130,FERNANDO,TURNER,FTURNE1,FTURNE1,5131,JERRY,GILL,JGILL1,JGILL1,5132,PATRICIA,GREEN,PGREEN1,PGREEN1,5133,IAN,ERICKSON,IERICK1,IERICK1,5134,MARY,COLLINS,MCOLLI1,MCOLLI1,5135,GEORGE,MILLER,GMILLE1,GMILLE1,5136,JIMMY,JACOBS,JJACOB1,JJACOB1,5137,HERBERT,HAMILTON,HHAMIL1,HHAMIL1,5138,STEVE,FRYE,SFRYE1,SFRYE1,5139,CRYSTAL,JACKSON,CJACKS1,CJACKS1,5140,JON,TODD,JTODD1,JTODD1,5141,LLOYD,GLASS,LGLASS1,LGLASS1,5142,FRANCISCO,HARMON,FHARMO1,FHARMO1,5143,TERRENCE,SANDOVAL,TSANDO1,TSANDO1,5144,SALLY,LYNN,SLYNN1,SLYNN1,5145,SARAH,KELLY,SKELLY1,SKELLY1,5146,CHRISTOPHER,ELLIS,CELLIS1,CELLIS1,5147,MILDRED,PITTMAN,MPITTM1,MPITTM1,5148,STANLEY,RODRIGUEZ,SRODRI1,SRODRI1,5149,MARK,MARTINEZ,MMARTI1,MMARTI1,5150,DEBORAH,PEREZ,DPEREZ2,DPEREZ2,5151,TRAVIS,BRIDGES,TBRIDG1,TBRIDG1,5152,DARLENE,THOMPSON,DTHOMP1,DTHOMP1,5153,CLARA,SMITH,CSMITH1,CSMITH1,5154,JANICE,WRIGHT,JWRIGH1,JWRIGH1,5155,ARLENE,HILL,AHILL1,AHILL1,5156,MICHAEL,WATERS,MWATER1,MWATER1,5157,DOROTHY,RICHARDSON,DRICHA1,DRICHA1,5158,BARRY,OLSEN,BOLSEN1,BOLSEN1,5159,ELIZABETH,COLLINS,ECOLLI1,ECOLLI1,5160,PATSY,LEWIS,PLEWIS1,PLEWIS1,5161,SANDRA,SMITH,SSMITH1,SSMITH1,5162,ROBERT,HURST,RHURST1,RHURST1,5163,SARAH,SHARP,SSHARP1,SSHARP1,5164,VIOLA,HUGHES,VHUGHE1,VHUGHE1,5165,MARIA,ROBINSON,MROBIN2,MROBIN2,5166,MICHELE,STEIN,MSTEIN1,MSTEIN1,5167,DORIS,DICKSON,DDICKS1,DDICKS1,5168,KAY,VALDEZ,KVALDE1,KVALDE1,5169,JOSE,WINTERS,JWINTE1,JWINTE1,5170,ESTHER,MOSS,EMOSS1,EMOSS1,5171,JAY,PHILLIPS,JPHILL1,JPHILL1,5172,ROLAND,ADAMS,RADAMS1,RADAMS1,5173,THERESA,FROST,TFROST1,TFROST1,5174,KENNETH,SMITH,KSMITH1,KSMITH1,5175,SUSAN,WILLIAMS,SWILLI1,SWILLI1,5176,JEREMY,SANDOVAL,JSANDO1,JSANDO1,5177,KEVIN,RODRIGUEZ,KRODRI1,KRODRI1,5178,KATHERINE,THOMAS,KTHOMA1,KTHOMA1,5179,CAROL,CAMACHO,CCAMAC1,CCAMAC1,5180,JUDITH,THOMPSON,JTHOMP1,JTHOMP1,5181,CHRISTOPHER,STANLEY,CSTANL1,CSTANL1,5182,GERTRUDE,RIVERA,GRIVER1,GRIVER1,5183,GARY,JOHNSON,GJOHNS1,GJOHNS1,5184,MICHELLE,HARVEY,MHARVE1,MHARVE1,5185,MARY,LANE,MLANE1,MLANE1,5186,LAURIE,ANDERSON,LANDER1,LANDER1,5187,RAYMOND,WILLIAMS,RWILLI2,RWILLI2,5188,MONICA,GILL,MGILL1,MGILL1,5189,LORETTA,OWEN,LOWEN1,LOWEN1,5190,ELLEN,MORGAN,EMORGA1,EMORGA1,5191,DOUGLAS,JACKSON,DJACKS1,DJACKS1,5192,CHARLES,WILSON,CWILSO1,CWILSO1,5193,NICOLE,JONES,NJONES1,NJONES1,5194,FRANCIS,MILLER,FMILLE1,FMILLE1,5195,BILL,HARRIS,BHARRI1,BHARRI1,5196,ROSS,ROBINSON,RROBIN1,RROBIN1,5197,LOIS,OLIVER,LOLIVE1,LOLIVE1,5198,ARTHUR,GONZALEZ,AGONZA1,AGONZA1,5199,ANNA,KINNEY,AKINNE1,AKINNE1,5200,DELORES,CLARKE,DCLARK1,DCLARK1,5201,CHRISTOPHER,JACKSON,CJACKS2,CJACKS2,1202,JULIE,ANDREWS,JANDRE1,JANDRE1,1203,LLOYD,FREDERICK,LFREDE1,LFREDE1,1204,JAMES,BUTLER,JBUTLE1,JBUTLE1,1205,JULIE,REYES,JREYES1,JREYES1,1206,BRENDA,COLLIER,BCOLLI1,BCOLLI1,1207,LISA,PITTMAN,LPITTM1,LPITTM1,1208,JEREMY,BOOKER,JBOOKE1,JBOOKE1,1209,ANN,PALMER,APALME1,APALME1,1210,JESSICA,BERNARD,JBERNA1,JBERNA1,1211,TIMOTHY,BISHOP,TBISHO1,TBISHO1,1212,MARTHA,DAVIS,MDAVIS1,MDAVIS1,1213,CHERYL,MARTIN,CMARTI1,CMARTI1,1214,CHARLES,ANDERSON,CANDER1,CANDER1,1215,RANDY,JAMES,RJAMES1,RJAMES1,3216,MELINDA,ANDERSON,MANDER1,MANDER1,3217,JOHN,ATKINSON,JATKIN1,JATKIN1,1218,JOSEPHINE,LEE,JLEE1,JLEE1,1219,ALEX,GRIFFIN,AGRIFF1,AGRIFF1,1220,LEONARD,MASON,LMASON1,LMASON1,1221,JOHNNY,GONZALES,JGONZA1,JGONZA1,1222,STEVEN,REYNOLDS,SREYNO1,SREYNO1,3223,KIMBERLY,BENNETT,KBENNE1,KBENNE1,1224,RAY,JOHNSON,RJOHNS1,RJOHNS1,3225,BETH,JONES,BJONES1,BJONES1,1226,ROBERT,BERG,RBERG1,RBERG1,1227,ANN,MASON,AMASON1,AMASON1,1228,DAISY,GEORGE,DGEORG1,DGEORG1,1229,ARTHUR,TRAVIS,ATRAVI1,ATRAVI1,1230,BETH,CRAWFORD,BCRAWF1,BCRAWF1,1231,MARY,MAXWELL,MMAXWE1,MMAXWE1,3232,DENISE,WALKER,DWALKE1,DWALKE1,3233,JOSHUA,JOHNSON,JJOHNS1,JJOHNS1,3234,DOROTHY,CAMERON,DCAMER1,DCAMER1,1235,STEPHEN,WHITE,SWHITE1,SWHITE1,1236,WILLIAM,SHAFFER,WSHAFF1,WSHAFF1,1237,MICHAEL,TURNER,MTURNE1,MTURNE1,1238,JOHN,WILSON,JWILSO1,JWILSO1,1239,KENNETH,NICHOLSON,KNICHO1,KNICHO1,1240,SARA,POOLE,SPOOLE1,SPOOLE1,1241,CS,Admin,Admin,Admin,2